Date,ExchangeRate,HeadlineInflation,FuelPrice(Diesel),Beans,Carrot,Cabbage,Tomato,Brinjal,Pumpkin,Snake gourd,Green Chilli,Red Onion (Local),Potato (Local),Red Dhal,Banana (Sour),Papaw,EconIndex
2024-01-01,323.9902,200.7,358.0,450.0,550.0,450.0,400.0,700.0,150.0,200.0,1250.0,350.0,353.0,300.0,200.0,120.0,0.95908788029201
2024-01-02,323.1861,200.7,358.0,550.0,700.0,500.0,600.0,450.0,150.0,200.0,1300.0,500.0,360.0,300.0,200.0,180.0,0.9573253891808907
2024-01-03,321.12,200.7,358.0,500.0,700.0,450.0,600.0,550.0,150.0,200.0,1300.0,500.0,363.0,300.0,200.0,180.0,0.9527967448770941
2024-01-04,322.2375,200.7,358.0,450.0,750.0,400.0,550.0,600.0,150.0,180.0,1100.0,500.0,358.0,300.0,200.0,180.0,0.95524617133733
2024-01-05,322.4275,200.7,358.0,450.0,700.0,430.0,550.0,550.0,150.0,180.0,1000.0,500.0,330.0,300.0,200.0,180.0,0.9556626286325821
2024-01-06,322.5,200.7,358.0,450.0,700.0,430.0,550.0,550.0,150.0,180.0,1000.0,500.0,330.0,300.0,200.0,180.0,0.9558215399689289
2024-01-07,322.5,200.7,358.0,450.0,700.0,430.0,550.0,550.0,150.0,180.0,1000.0,500.0,330.0,300.0,200.0,180.0,0.9558215399689289
2024-01-08,322.4406,200.7,358.0,500.0,875.0,430.0,350.0,400.0,130.0,150.0,900.0,500.0,340.0,300.0,200.0,180.0,0.9556913422671499
2024-01-09,322.4136,200.7,358.0,500.0,850.0,430.0,350.0,400.0,130.0,150.0,900.0,350.0,340.0,300.0,280.0,180.0,0.9556321614936137
2024-01-10,322.6356,200.7,358.0,500.0,900.0,450.0,350.0,450.0,130.0,200.0,1200.0,350.0,330.0,300.0,180.0,180.0,0.9561187589649087
2024-01-11,322.83,200.7,358.0,600.0,900.0,500.0,350.0,450.0,130.0,220.0,1000.0,350.0,330.0,300.0,180.0,180.0,0.9565448605343674
2024-01-12,322.6884,200.7,358.0,600.0,900.0,500.0,450.0,400.0,130.0,220.0,900.0,350.0,330.0,298.0,180.0,150.0,0.9562344902553791
2024-01-13,322.0,200.7,358.0,600.0,900.0,500.0,450.0,400.0,130.0,220.0,900.0,350.0,330.0,298.0,180.0,150.0,0.954725599718264
2024-01-14,322.0,200.7,358.0,600.0,900.0,500.0,450.0,400.0,130.0,220.0,900.0,350.0,330.0,298.0,180.0,150.0,0.954725599718264
2024-01-15,321.99,200.7,358.0,600.0,900.0,500.0,450.0,400.0,130.0,220.0,900.0,350.0,330.0,298.0,180.0,150.0,0.9547036809132509
2024-01-16,322.2038,200.7,358.0,1100.0,1800.0,700.0,300.0,800.0,130.0,330.0,900.0,450.0,330.0,300.0,160.0,150.0,0.9551723049644353
2024-01-17,321.7534,200.7,358.0,1000.0,2000.0,700.0,350.0,750.0,150.0,330.0,1000.0,450.0,333.0,300.0,160.0,150.0,0.9541850819866361
2024-01-18,321.2243,200.7,358.0,850.0,1900.0,700.0,350.0,600.0,150.0,350.0,1000.0,450.0,340.0,298.0,160.0,150.0,0.9530253580133831
2024-01-19,320.8826,200.7,358.0,800.0,1800.0,650.0,300.0,500.0,150.0,380.0,900.0,450.0,333.0,297.0,160.0,150.0,0.9522763924460788
2024-01-20,320.1,200.7,358.0,800.0,1800.0,650.0,300.0,500.0,150.0,380.0,900.0,450.0,333.0,297.0,160.0,150.0,0.9505610267657378
2024-01-21,320.1,200.7,358.0,800.0,1800.0,650.0,300.0,500.0,150.0,380.0,900.0,450.0,333.0,297.0,160.0,150.0,0.9505610267657378
2024-01-22,320.5246,200.7,358.0,700.0,1000.0,500.0,550.0,600.0,130.0,400.0,900.0,450.0,333.0,297.0,160.0,150.0,0.9514916992266028
2024-01-23,320.0536,200.7,358.0,700.0,1000.0,500.0,550.0,650.0,150.0,400.0,900.0,450.0,333.0,300.0,160.0,150.0,0.9504593235104767
2024-01-24,319.9412,200.7,358.0,750.0,1200.0,600.0,600.0,700.0,150.0,400.0,900.0,450.0,315.0,300.0,160.0,170.0,0.9502129561421272
2024-01-25,318.66,200.7,358.0,750.0,1200.0,600.0,600.0,700.0,150.0,400.0,900.0,450.0,315.0,300.0,160.0,170.0,0.947404718843824
2024-01-26,319.1591,200.7,358.0,800.0,1500.0,550.0,600.0,550.0,150.0,400.0,850.0,450.0,315.0,300.0,160.0,180.0,0.9484986864020377
2024-01-27,317.5,200.7,358.0,800.0,1500.0,550.0,600.0,550.0,150.0,400.0,850.0,450.0,315.0,300.0,160.0,180.0,0.9448621374622815
2024-01-28,317.5,200.7,358.0,800.0,1500.0,550.0,600.0,550.0,150.0,400.0,850.0,450.0,315.0,300.0,160.0,180.0,0.9448621374622815
2024-01-29,317.5185,200.7,358.0,800.0,1400.0,600.0,650.0,600.0,180.0,400.0,1200.0,350.0,323.0,300.0,180.0,180.0,0.9449026872515566
2024-01-30,317.9432,200.7,358.0,750.0,1300.0,600.0,650.0,600.0,180.0,380.0,1200.0,350.0,323.0,300.0,160.0,180.0,0.9458335789004707
2024-01-31,317.4089,200.7,358.0,750.0,1300.0,580.0,650.0,600.0,190.0,380.0,1100.0,350.0,320.0,300.0,160.0,160.0,0.9446624571486104
2024-02-01,316.1275,200.6,363.0,450.0,1100.0,550.0,600.0,500.0,200.0,350.0,1100.0,350.0,320.0,300.0,160.0,160.0,1.0
2024-02-02,314.0218,200.6,363.0,450.0,1000.0,500.0,550.0,450.0,200.0,300.0,1000.0,350.0,335.0,300.0,160.0,160.0,0.9953845572283506
2024-02-03,311.5,200.6,363.0,450.0,1000.0,500.0,550.0,450.0,200.0,300.0,1000.0,350.0,335.0,300.0,160.0,160.0,0.9898570729800983
2024-02-04,311.5,200.6,363.0,450.0,1000.0,500.0,550.0,450.0,200.0,300.0,1000.0,350.0,335.0,300.0,160.0,160.0,0.9898570729800983
2024-02-05,311.4132,200.6,363.0,600.0,1000.0,400.0,600.0,350.0,220.0,300.0,1200.0,350.0,347.0,300.0,180.0,180.0,0.9896668177525831
2024-02-06,312.2364,200.6,363.0,600.0,1000.0,400.0,650.0,350.0,220.0,280.0,1100.0,350.0,347.0,300.0,160.0,180.0,0.9914711737812772
2024-02-07,314.0343,200.6,363.0,650.0,1000.0,380.0,650.0,380.0,220.0,280.0,1100.0,300.0,343.0,297.0,160.0,150.0,0.995411955734617
2024-02-08,313.2212,200.6,363.0,550.0,800.0,380.0,700.0,250.0,220.0,250.0,900.0,300.0,343.0,297.0,160.0,150.0,0.9936297376989861
2024-02-09,313.5869,200.6,363.0,550.0,700.0,400.0,700.0,200.0,220.0,200.0,800.0,300.0,343.0,297.0,160.0,150.0,0.9944313083983226
2024-02-10,312.6,200.6,363.0,550.0,700.0,400.0,700.0,200.0,220.0,200.0,800.0,300.0,343.0,297.0,160.0,150.0,0.9922681415315605
2024-02-11,312.6,200.6,363.0,550.0,700.0,400.0,700.0,200.0,220.0,200.0,800.0,300.0,343.0,297.0,160.0,150.0,0.9922681415315605
2024-02-12,313.0338,200.6,363.0,600.0,700.0,400.0,750.0,200.0,300.0,230.0,800.0,300.0,350.0,297.0,160.0,150.0,0.9932189792930373
2024-02-13,313.2487,200.6,363.0,600.0,700.0,400.0,800.0,200.0,350.0,230.0,800.0,300.0,323.0,297.0,160.0,150.0,0.9936900144127729
2024-02-14,313.4241,200.6,363.0,550.0,700.0,400.0,700.0,200.0,350.0,230.0,800.0,300.0,323.0,297.0,150.0,150.0,0.994074470252706
2024-02-15,313.1705,200.6,363.0,550.0,600.0,400.0,700.0,200.0,350.0,230.0,800.0,300.0,333.0,297.0,140.0,150.0,0.993518609357569
2024-02-16,312.8934,200.6,363.0,550.0,450.0,400.0,750.0,150.0,350.0,230.0,600.0,277.0,325.0,297.0,140.0,150.0,0.9929112392706503
2024-02-17,312.2,200.6,363.0,550.0,450.0,400.0,750.0,150.0,350.0,230.0,600.0,277.0,325.0,297.0,140.0,150.0,0.9913913893310285
2024-02-18,312.2,200.6,363.0,550.0,450.0,400.0,750.0,150.0,350.0,230.0,600.0,277.0,325.0,297.0,140.0,150.0,0.9913913893310285
2024-02-19,312.4391,200.6,363.0,500.0,400.0,400.0,850.0,150.0,320.0,230.0,650.0,280.0,353.0,295.0,140.0,160.0,0.9919154679588965
2024-02-20,312.2604,200.6,363.0,500.0,420.0,400.0,850.0,150.0,300.0,200.0,700.0,250.0,340.0,295.0,140.0,160.0,0.9915237789133089
2024-02-21,312.0305,200.6,363.0,550.0,420.0,400.0,700.0,150.0,250.0,230.0,600.0,250.0,340.0,295.0,140.0,160.0,0.9910198655860534
2024-02-22,311.6802,200.6,363.0,500.0,420.0,400.0,650.0,150.0,250.0,230.0,600.0,233.0,333.0,295.0,140.0,140.0,0.990252049846438
2024-02-23,310.98,200.6,363.0,500.0,420.0,400.0,650.0,150.0,250.0,230.0,600.0,233.0,333.0,295.0,140.0,140.0,0.988717295119407
2024-02-24,310.98,200.6,363.0,500.0,420.0,400.0,650.0,150.0,250.0,230.0,600.0,233.0,333.0,295.0,140.0,140.0,0.988717295119407
2024-02-25,310.98,200.6,363.0,500.0,420.0,400.0,650.0,150.0,250.0,230.0,600.0,233.0,333.0,295.0,140.0,140.0,0.988717295119407
2024-02-26,311.1185,200.6,363.0,400.0,400.0,350.0,550.0,180.0,250.0,250.0,600.0,233.0,340.0,295.0,140.0,140.0,0.9890208705688407
2024-02-27,310.7593,200.6,363.0,400.0,420.0,350.0,550.0,150.0,250.0,250.0,650.0,237.0,340.0,295.0,120.0,140.0,0.9882335470927633
2024-02-28,310.7494,200.6,363.0,420.0,400.0,330.0,580.0,180.0,250.0,250.0,650.0,233.0,343.0,295.0,120.0,160.0,0.9882118474758003
2024-02-29,310.1532,200.6,363.0,420.0,450.0,400.0,580.0,150.0,250.0,230.0,630.0,233.0,347.0,295.0,120.0,160.0,0.9869050483209075
2024-03-01,309.8946,196.7,363.0,450.0,450.0,350.0,550.0,150.0,250.0,230.0,600.0,247.0,350.0,295.0,120.0,140.0,0.9821617929490799
2024-03-02,308.7,196.7,363.0,450.0,450.0,350.0,550.0,150.0,250.0,230.0,600.0,247.0,350.0,295.0,120.0,140.0,0.9795433725021919
2024-03-03,308.7,196.7,363.0,450.0,450.0,350.0,550.0,150.0,250.0,230.0,600.0,247.0,350.0,295.0,120.0,140.0,0.9795433725021919
2024-03-04,309.1297,196.7,363.0,400.0,320.0,300.0,500.0,150.0,250.0,230.0,350.0,220.0,350.0,295.0,120.0,180.0,0.9804852235536128
2024-03-05,308.1077,196.7,363.0,400.0,300.0,300.0,450.0,150.0,250.0,200.0,300.0,220.0,357.0,295.0,120.0,180.0,0.9782451216812545
2024-03-06,307.9685,196.7,363.0,350.0,300.0,300.0,300.0,150.0,250.0,200.0,250.0,220.0,357.0,293.0,120.0,180.0,0.9779400119154695
2024-03-07,307.8186,196.7,363.0,300.0,300.0,350.0,300.0,150.0,250.0,200.0,300.0,205.0,360.0,295.0,120.0,180.0,0.9776114490283201
2024-03-08,307.56,196.7,363.0,300.0,300.0,350.0,300.0,150.0,250.0,200.0,300.0,205.0,360.0,295.0,120.0,180.0,0.9770446287306764
2024-03-09,307.56,196.7,363.0,300.0,300.0,350.0,300.0,150.0,250.0,200.0,300.0,205.0,360.0,295.0,120.0,180.0,0.9770446287306764
2024-03-10,307.56,196.7,363.0,300.0,300.0,350.0,300.0,150.0,250.0,200.0,300.0,205.0,360.0,295.0,120.0,180.0,0.9770446287306764
2024-03-11,307.5613,196.7,363.0,300.0,450.0,420.0,350.0,200.0,220.0,200.0,350.0,340.0,370.0,293.0,140.0,220.0,0.9770474781753277
2024-03-12,307.0298,196.7,363.0,300.0,350.0,430.0,350.0,230.0,220.0,200.0,350.0,320.0,367.0,298.0,150.0,250.0,0.9758824936888713
2024-03-13,306.5707,196.7,363.0,300.0,370.0,450.0,350.0,230.0,220.0,200.0,300.0,300.0,367.0,298.0,150.0,250.0,0.974876201350711
2024-03-14,306.2613,196.7,363.0,300.0,400.0,450.0,300.0,230.0,200.0,200.0,300.0,225.0,363.0,293.0,150.0,250.0,0.9741980335235996
2024-03-15,305.6448,196.7,363.0,200.0,320.0,450.0,300.0,230.0,200.0,200.0,250.0,210.0,363.0,295.0,150.0,250.0,0.9728467391945299
2024-03-16,305.15,196.7,363.0,200.0,320.0,450.0,300.0,230.0,200.0,200.0,250.0,210.0,363.0,295.0,150.0,250.0,0.9717621967224722
2024-03-17,305.15,196.7,363.0,200.0,320.0,450.0,300.0,230.0,200.0,200.0,250.0,210.0,363.0,295.0,150.0,250.0,0.9717621967224722
2024-03-18,305.2394,196.7,363.0,180.0,250.0,450.0,200.0,230.0,200.0,200.0,200.0,240.0,363.0,295.0,150.0,230.0,0.9719581508392914
2024-03-19,304.637,196.7,363.0,150.0,250.0,330.0,200.0,200.0,200.0,180.0,200.0,243.0,355.0,295.0,150.0,230.0,0.9706377620252902
2024-03-20,303.9755,196.7,363.0,150.0,250.0,300.0,200.0,150.0,180.0,180.0,230.0,247.0,340.0,285.0,150.0,230.0,0.9691878330736612
2024-03-21,304.3412,196.7,363.0,180.0,300.0,300.0,200.0,200.0,180.0,180.0,200.0,247.0,334.0,285.0,150.0,230.0,0.9699894037729971
2024-03-22,303.9446,196.7,363.0,160.0,300.0,200.0,200.0,150.0,180.0,150.0,200.0,238.0,310.0,285.0,120.0,230.0,0.9691201039661698
2024-03-23,303.2,196.7,363.0,160.0,300.0,200.0,200.0,150.0,180.0,150.0,200.0,238.0,310.0,285.0,120.0,230.0,0.9674880297448802
2024-03-24,303.2,196.7,363.0,160.0,300.0,200.0,200.0,150.0,180.0,150.0,200.0,238.0,310.0,285.0,120.0,230.0,0.9674880297448802
2024-03-25,303.5486,196.7,363.0,150.0,300.0,250.0,200.0,250.0,180.0,130.0,250.0,245.0,305.0,285.0,120.0,250.0,0.9682521192876438
2024-03-26,302.751,196.7,363.0,120.0,280.0,250.0,200.0,150.0,180.0,130.0,180.0,248.0,304.0,285.0,120.0,250.0,0.9665038753997831
2024-03-27,302.0263,196.7,363.0,120.0,280.0,200.0,150.0,150.0,180.0,130.0,150.0,248.0,307.0,285.0,140.0,250.0,0.9649154196004699
2024-03-28,301.1837,196.7,363.0,100.0,250.0,200.0,150.0,150.0,180.0,130.0,100.0,260.0,305.0,285.0,140.0,250.0,0.9630685410900494
2024-03-29,300.44,196.7,363.0,100.0,250.0,200.0,150.0,150.0,180.0,130.0,100.0,260.0,305.0,285.0,140.0,250.0,0.9614384395612112
2024-03-30,300.44,196.7,363.0,100.0,250.0,200.0,150.0,150.0,180.0,130.0,100.0,260.0,305.0,285.0,140.0,250.0,0.9614384395612112
2024-03-31,300.44,196.7,363.0,100.0,250.0,200.0,150.0,150.0,180.0,130.0,100.0,260.0,305.0,285.0,140.0,250.0,0.9614384395612112
2024-04-01,300.4081,195.2,363.0,130.0,250.0,150.0,130.0,150.0,160.0,130.0,200.0,257.0,320.0,285.0,140.0,220.0,0.95976219739084
2024-04-02,300.1378,195.2,363.0,130.0,230.0,150.0,130.0,150.0,160.0,150.0,220.0,260.0,305.0,283.0,140.0,220.0,0.9591697320913305
2024-04-03,299.9632,195.2,363.0,80.0,330.0,140.0,100.0,150.0,160.0,130.0,170.0,270.0,323.0,285.0,140.0,220.0,0.9587870297557981
2024-04-04,299.8867,195.2,363.0,80.0,300.0,160.0,100.0,150.0,160.0,130.0,200.0,267.0,315.0,285.0,140.0,220.0,0.9586193508974468
2024-04-05,299.8185,195.2,363.0,80.0,250.0,160.0,80.0,130.0,160.0,130.0,180.0,267.0,310.0,285.0,140.0,200.0,0.9584698646472559
2024-04-06,299.2,195.2,363.0,80.0,250.0,160.0,80.0,130.0,160.0,130.0,180.0,267.0,310.0,285.0,140.0,200.0,0.9571141865571836
2024-04-07,299.2,195.2,363.0,80.0,250.0,160.0,80.0,130.0,160.0,130.0,180.0,267.0,310.0,285.0,140.0,200.0,0.9571141865571836
2024-04-08,299.3771,195.2,363.0,160.0,230.0,130.0,130.0,180.0,160.0,130.0,180.0,283.0,300.0,283.0,140.0,200.0,0.9575023685939693
2024-04-09,298.9576,195.2,363.0,160.0,230.0,130.0,130.0,280.0,160.0,130.0,180.0,273.0,298.0,283.0,140.0,200.0,0.9565828747236617
2024-04-10,298.6751,195.2,363.0,200.0,200.0,120.0,130.0,280.0,150.0,130.0,180.0,300.0,254.0,283.0,180.0,180.0,0.9559636684820357
2024-04-11,298.5,195.2,363.0,200.0,200.0,120.0,130.0,280.0,150.0,130.0,180.0,300.0,254.0,283.0,180.0,180.0,0.9555798702062533
2024-04-12,298.36,195.2,363.0,200.0,200.0,120.0,130.0,280.0,150.0,130.0,180.0,300.0,254.0,283.0,180.0,180.0,0.9552730069360671
2024-04-13,298.36,195.2,363.0,200.0,200.0,120.0,130.0,280.0,150.0,130.0,180.0,300.0,254.0,283.0,180.0,180.0,0.9552730069360671
2024-04-14,298.36,195.2,363.0,200.0,200.0,120.0,130.0,280.0,150.0,130.0,180.0,300.0,254.0,283.0,180.0,180.0,0.9552730069360671
2024-04-15,298.4963,195.2,363.0,200.0,300.0,250.0,100.0,350.0,150.0,150.0,200.0,290.0,254.0,280.0,250.0,230.0,0.9555717602483987
2024-04-16,298.9094,195.2,363.0,130.0,280.0,180.0,100.0,300.0,150.0,200.0,170.0,375.0,350.0,285.0,250.0,200.0,0.9564772260834978
2024-04-17,299.8253,195.2,363.0,80.0,230.0,160.0,50.0,180.0,150.0,130.0,140.0,350.0,325.0,283.0,130.0,200.0,0.9584847694346651
2024-04-18,300.9111,195.2,363.0,100.0,200.0,160.0,50.0,150.0,150.0,130.0,140.0,343.0,290.0,283.0,130.0,200.0,0.9608647132830089
2024-04-19,301.2744,195.2,363.0,120.0,200.0,160.0,50.0,150.0,150.0,130.0,100.0,328.0,291.0,283.0,130.0,200.0,0.9616610234691415
2024-04-20,301.0,195.2,363.0,120.0,200.0,160.0,50.0,150.0,150.0,130.0,100.0,328.0,291.0,283.0,130.0,200.0,0.9610595714595768
2024-04-21,301.0,195.2,363.0,120.0,200.0,160.0,50.0,150.0,150.0,130.0,100.0,328.0,291.0,283.0,130.0,200.0,0.9610595714595768
2024-04-22,302.0,195.2,363.0,100.0,180.0,100.0,50.0,130.0,100.0,130.0,100.0,300.0,275.0,283.0,160.0,200.0,0.963251451960906
2024-04-23,299.9,195.2,363.0,100.0,180.0,100.0,50.0,130.0,100.0,130.0,100.0,300.0,275.0,283.0,160.0,200.0,0.9586485029081145
2024-04-24,301.4613,195.2,363.0,150.0,200.0,130.0,50.0,150.0,100.0,130.0,100.0,288.0,263.0,283.0,130.0,200.0,0.9620706859348404
2024-04-25,298.7161,195.2,363.0,130.0,200.0,130.0,50.0,130.0,100.0,130.0,80.0,290.0,248.0,283.0,140.0,200.0,0.9560535355825904
2024-04-26,297.1631,195.2,363.0,100.0,180.0,100.0,50.0,130.0,100.0,130.0,100.0,293.0,258.0,283.0,140.0,200.0,0.9526495451640258
2024-04-27,295.9,195.2,363.0,100.0,180.0,100.0,50.0,130.0,100.0,130.0,100.0,293.0,258.0,283.0,140.0,200.0,0.949880980902797
2024-04-28,295.9,195.2,363.0,100.0,180.0,100.0,50.0,130.0,100.0,130.0,100.0,293.0,258.0,283.0,140.0,200.0,0.949880980902797
2024-04-29,296.2033,195.2,363.0,150.0,180.0,100.0,60.0,100.0,70.0,150.0,100.0,325.0,256.0,283.0,140.0,100.0,0.9505457782588499
2024-04-30,296.8561,195.2,363.0,150.0,150.0,70.0,60.0,100.0,60.0,150.0,100.0,315.0,253.0,283.0,140.0,100.0,0.9519766378501183
2024-05-01,298.13,194.1,333.0,150.0,150.0,70.0,60.0,100.0,60.0,150.0,100.0,315.0,253.0,283.0,140.0,100.0,0.6040710659259763
2024-05-02,297.602,194.1,333.0,200.0,120.0,70.0,60.0,120.0,60.0,180.0,100.0,288.0,243.0,283.0,120.0,100.0,0.6029137530212745
2024-05-03,296.7992,194.1,333.0,200.0,120.0,70.0,60.0,130.0,60.0,180.0,100.0,288.0,243.0,283.0,120.0,100.0,0.6011541113548072
2024-05-04,297.0,194.1,333.0,200.0,120.0,70.0,60.0,130.0,60.0,180.0,100.0,288.0,243.0,283.0,120.0,100.0,0.6015942409594739
2024-05-05,297.0,194.1,333.0,200.0,120.0,70.0,60.0,130.0,60.0,180.0,100.0,288.0,243.0,283.0,120.0,100.0,0.6015942409594739
2024-05-06,297.1335,194.1,333.0,200.0,130.0,100.0,60.0,170.0,70.0,180.0,150.0,305.0,240.0,283.0,120.0,100.0,0.6018868570064015
2024-05-07,297.7495,194.1,333.0,250.0,130.0,100.0,60.0,170.0,70.0,200.0,100.0,305.0,257.0,283.0,120.0,100.0,0.6032370553952207
2024-05-08,299.6247,194.1,333.0,200.0,130.0,120.0,40.0,160.0,70.0,200.0,80.0,300.0,254.0,283.0,100.0,80.0,0.6073472697113131
2024-05-09,298.7068,194.1,333.0,150.0,130.0,100.0,40.0,160.0,70.0,200.0,80.0,303.0,253.0,276.0,100.0,80.0,0.6053353425991432
2024-05-10,298.6317,194.1,333.0,150.0,120.0,100.0,40.0,160.0,70.0,200.0,130.0,290.0,257.0,281.0,100.0,80.0,0.6051707323734932
2024-05-11,298.5,194.1,333.0,150.0,120.0,100.0,40.0,160.0,70.0,200.0,130.0,290.0,257.0,281.0,100.0,80.0,0.604882061711468
2024-05-12,298.5,194.1,333.0,150.0,120.0,100.0,40.0,160.0,70.0,200.0,130.0,290.0,257.0,281.0,100.0,80.0,0.604882061711468
2024-05-13,298.7882,194.1,333.0,200.0,150.0,100.0,60.0,160.0,70.0,200.0,130.0,310.0,245.0,282.0,80.0,100.0,0.6055137616719511
2024-05-14,299.8957,194.1,333.0,200.0,100.0,60.0,60.0,160.0,70.0,200.0,130.0,320.0,243.0,279.0,80.0,100.0,0.6079412693271733
2024-05-15,300.834,194.1,333.0,250.0,100.0,60.0,70.0,160.0,70.0,170.0,100.0,318.0,243.0,279.0,100.0,100.0,0.6099979108015708
2024-05-16,302.2475,194.1,333.0,250.0,100.0,60.0,70.0,160.0,70.0,170.0,100.0,313.0,240.0,279.0,80.0,120.0,0.6130961338901998
2024-05-17,301.3081,194.1,333.0,270.0,120.0,80.0,70.0,160.0,70.0,170.0,130.0,315.0,243.0,279.0,100.0,120.0,0.6110370813472509
2024-05-18,299.3,194.1,333.0,270.0,120.0,80.0,70.0,160.0,70.0,170.0,130.0,315.0,243.0,279.0,100.0,120.0,0.6066355661125319
2024-05-19,299.3,194.1,333.0,270.0,120.0,80.0,70.0,160.0,70.0,170.0,130.0,315.0,243.0,279.0,100.0,120.0,0.6066355661125319
2024-05-20,299.8755,194.1,333.0,400.0,100.0,60.0,180.0,200.0,70.0,300.0,150.0,333.0,247.0,279.0,100.0,80.0,0.607896993341047
2024-05-21,299.8265,194.1,333.0,400.0,130.0,60.0,150.0,200.0,90.0,300.0,250.0,333.0,253.0,279.0,100.0,80.0,0.6077895911964817
2024-05-22,299.7458,194.1,333.0,450.0,170.0,60.0,130.0,200.0,90.0,300.0,130.0,338.0,268.0,279.0,100.0,80.0,0.6076127064400244
2024-05-23,300.11,194.1,333.0,450.0,170.0,60.0,130.0,200.0,90.0,300.0,130.0,338.0,268.0,279.0,100.0,80.0,0.6084109893186083
2024-05-24,299.34,194.1,333.0,450.0,170.0,60.0,130.0,200.0,90.0,300.0,130.0,338.0,268.0,279.0,100.0,80.0,0.6067232413325846
2024-05-25,299.34,194.1,333.0,450.0,170.0,60.0,130.0,200.0,90.0,300.0,130.0,338.0,268.0,279.0,100.0,80.0,0.6067232413325846
2024-05-26,299.34,194.1,333.0,450.0,170.0,60.0,130.0,200.0,90.0,300.0,130.0,338.0,268.0,279.0,100.0,80.0,0.6067232413325846
2024-05-27,299.9863,194.1,333.0,600.0,120.0,80.0,130.0,200.0,100.0,230.0,200.0,380.0,303.0,279.0,100.0,80.0,0.6081398537005938
2024-05-28,300.4217,194.1,333.0,750.0,150.0,60.0,130.0,200.0,100.0,230.0,120.0,373.0,337.0,279.0,80.0,80.0,0.6090941984708724
2024-05-29,301.2717,194.1,333.0,750.0,150.0,60.0,130.0,240.0,100.0,230.0,200.0,375.0,337.0,279.0,80.0,80.0,0.6109572968970028
2024-05-30,301.51,194.1,333.0,700.0,150.0,70.0,130.0,280.0,100.0,270.0,200.0,400.0,320.0,279.0,80.0,70.0,0.6114796220204695
2024-05-31,301.8883,194.1,333.0,700.0,130.0,60.0,130.0,350.0,100.0,270.0,200.0,400.0,325.0,279.0,80.0,70.0,0.6123088104141226
2024-06-01,301.8,195.6,317.0,700.0,130.0,60.0,130.0,350.0,100.0,270.0,200.0,400.0,325.0,279.0,80.0,70.0,0.42731100741345596
2024-06-02,301.8,195.6,317.0,700.0,130.0,60.0,130.0,350.0,100.0,270.0,200.0,400.0,325.0,279.0,80.0,70.0,0.42731100741345596
2024-06-03,301.8946,195.6,317.0,500.0,130.0,60.0,130.0,400.0,100.0,230.0,400.0,390.0,290.0,279.0,80.0,220.0,0.4275183593088817
2024-06-04,301.9524,195.6,317.0,600.0,120.0,70.0,140.0,450.0,100.0,280.0,400.0,390.0,277.0,279.0,100.0,120.0,0.42764505000185876
2024-06-05,302.1706,195.6,317.0,500.0,150.0,70.0,140.0,450.0,100.0,300.0,300.0,390.0,270.0,279.0,100.0,120.0,0.4281233183272484
2024-06-06,302.2895,195.6,317.0,480.0,150.0,70.0,140.0,450.0,100.0,300.0,250.0,400.0,270.0,279.0,100.0,120.0,0.4283839329188564
2024-06-07,302.7081,195.6,317.0,450.0,150.0,70.0,220.0,450.0,100.0,300.0,250.0,383.0,293.0,279.0,100.0,120.0,0.4293014540967134
2024-06-08,302.5,195.6,317.0,450.0,150.0,70.0,220.0,450.0,100.0,300.0,250.0,383.0,293.0,279.0,100.0,120.0,0.4288453237643862
2024-06-09,302.5,195.6,317.0,450.0,150.0,70.0,220.0,450.0,100.0,300.0,250.0,383.0,293.0,279.0,100.0,120.0,0.4288453237643862
2024-06-10,302.6971,195.6,317.0,450.0,300.0,100.0,350.0,450.0,120.0,300.0,300.0,383.0,343.0,279.0,120.0,140.0,0.4292773434111982
2024-06-11,303.031,195.6,317.0,450.0,300.0,100.0,400.0,350.0,120.0,300.0,350.0,383.0,347.0,279.0,120.0,140.0,0.43000921231059264
2024-06-12,303.4547,195.6,317.0,500.0,350.0,100.0,420.0,350.0,120.0,300.0,350.0,383.0,333.0,279.0,120.0,140.0,0.43093791207900556
2024-06-13,303.738,195.6,317.0,550.0,300.0,100.0,420.0,350.0,120.0,300.0,250.0,367.0,325.0,279.0,100.0,140.0,0.4315588718250321
2024-06-14,303.8309,195.6,317.0,550.0,300.0,120.0,420.0,400.0,120.0,300.0,250.0,367.0,330.0,280.0,100.0,140.0,0.4317624975236059
2024-06-15,303.8,195.6,317.0,550.0,300.0,120.0,420.0,400.0,120.0,300.0,250.0,367.0,330.0,280.0,100.0,140.0,0.4316947684161151
2024-06-16,303.8,195.6,317.0,550.0,300.0,120.0,420.0,400.0,120.0,300.0,250.0,367.0,330.0,280.0,100.0,140.0,0.4316947684161151
2024-06-17,303.72,195.6,317.0,550.0,300.0,120.0,420.0,400.0,120.0,300.0,250.0,367.0,330.0,280.0,100.0,140.0,0.4315194179760084
2024-06-18,303.95,195.6,317.0,550.0,270.0,120.0,400.0,400.0,120.0,300.0,320.0,390.0,333.0,281.0,100.0,140.0,0.4320235504913139
2024-06-19,304.4205,195.6,317.0,600.0,320.0,120.0,400.0,400.0,120.0,300.0,300.0,390.0,333.0,279.0,100.0,160.0,0.43305483026718933
2024-06-20,305.2787,195.6,317.0,500.0,400.0,150.0,550.0,300.0,140.0,250.0,300.0,390.0,330.0,281.0,100.0,140.0,0.43493590211343025
2024-06-21,305.31,195.6,317.0,500.0,400.0,150.0,550.0,300.0,140.0,250.0,300.0,390.0,330.0,281.0,100.0,140.0,0.4350045079731224
2024-06-22,305.31,195.6,317.0,500.0,400.0,150.0,550.0,300.0,140.0,250.0,300.0,390.0,330.0,281.0,100.0,140.0,0.4350045079731224
2024-06-23,305.31,195.6,317.0,500.0,400.0,150.0,550.0,300.0,140.0,250.0,300.0,390.0,330.0,281.0,100.0,140.0,0.4350045079731224
2024-06-24,305.4303,195.6,317.0,500.0,400.0,200.0,500.0,400.0,130.0,250.0,200.0,390.0,363.0,281.0,100.0,170.0,0.4352681911974317
2024-06-25,305.3208,195.6,317.0,550.0,400.0,200.0,550.0,350.0,140.0,230.0,200.0,400.0,363.0,281.0,100.0,170.0,0.4350281802825362
2024-06-26,305.4034,195.6,317.0,500.0,450.0,200.0,550.0,300.0,140.0,230.0,150.0,367.0,363.0,281.0,100.0,170.0,0.4352092296119462
2024-06-27,305.3403,195.6,317.0,500.0,400.0,200.0,550.0,250.0,140.0,230.0,150.0,390.0,373.0,284.0,140.0,170.0,0.43507092195231256
2024-06-28,305.7065,195.6,317.0,500.0,380.0,200.0,550.0,250.0,140.0,230.0,130.0,367.0,377.0,284.0,140.0,170.0,0.43587358859189906
2024-06-29,305.9,195.6,317.0,500.0,380.0,200.0,550.0,250.0,140.0,230.0,130.0,367.0,377.0,284.0,140.0,170.0,0.4362977174689065
2024-06-30,305.9,195.6,317.0,500.0,380.0,200.0,550.0,250.0,140.0,230.0,130.0,367.0,377.0,284.0,140.0,170.0,0.4362977174689065
2024-07-01,306.0182,194.7,317.0,650.0,350.0,200.0,550.0,100.0,150.0,200.0,200.0,400.0,345.0,284.0,140.0,170.0,0.4355930050347367
2024-07-02,305.8234,194.7,317.0,650.0,400.0,180.0,400.0,350.0,150.0,250.0,200.0,400.0,353.0,284.0,140.0,160.0,0.43516602671307725
2024-07-03,303.5236,194.7,317.0,550.0,430.0,180.0,300.0,300.0,150.0,250.0,150.0,400.0,350.0,284.0,140.0,160.0,0.43012513993611984
2024-07-04,304.0552,194.7,317.0,550.0,350.0,180.0,300.0,280.0,150.0,200.0,150.0,400.0,350.0,281.0,140.0,160.0,0.43129034361062696
2024-07-05,304.5391,194.7,317.0,450.0,350.0,180.0,300.0,280.0,150.0,200.0,130.0,400.0,333.0,284.0,140.0,160.0,0.43235099458522014
2024-07-06,304.5,194.7,317.0,450.0,350.0,180.0,300.0,280.0,150.0,200.0,130.0,400.0,333.0,284.0,140.0,160.0,0.43226529205761816
2024-07-07,304.5,194.7,317.0,450.0,350.0,180.0,300.0,280.0,150.0,200.0,130.0,400.0,333.0,284.0,140.0,160.0,0.43226529205761816
2024-07-08,304.8833,194.7,317.0,550.0,300.0,200.0,250.0,200.0,150.0,200.0,400.0,390.0,345.0,284.0,140.0,150.0,0.4331054398537777
2024-07-09,304.4737,194.7,317.0,550.0,300.0,200.0,200.0,200.0,150.0,200.0,400.0,390.0,330.0,284.0,150.0,150.0,0.43220764560043323
2024-07-10,304.2056,194.7,317.0,500.0,300.0,230.0,230.0,180.0,150.0,200.0,400.0,388.0,367.0,284.0,150.0,150.0,0.4316200024380271
2024-07-11,303.7568,194.7,317.0,600.0,350.0,230.0,230.0,150.0,150.0,230.0,400.0,367.0,375.0,284.0,150.0,150.0,0.43063628646902996
2024-07-12,303.3297,194.7,317.0,550.0,320.0,230.0,230.0,170.0,150.0,200.0,450.0,350.0,400.0,284.0,150.0,150.0,0.42970013430691245
2024-07-13,301.65,194.7,317.0,550.0,320.0,230.0,230.0,170.0,150.0,200.0,450.0,350.0,400.0,284.0,150.0,150.0,0.4260184326288293
2024-07-14,301.65,194.7,317.0,550.0,320.0,230.0,230.0,170.0,150.0,200.0,450.0,350.0,400.0,284.0,150.0,150.0,0.4260184326288293
2024-07-15,302.1929,194.7,317.0,550.0,350.0,200.0,350.0,150.0,150.0,200.0,500.0,350.0,408.0,284.0,150.0,150.0,0.4272084045530015
2024-07-16,301.4954,194.7,317.0,500.0,350.0,250.0,350.0,180.0,180.0,220.0,500.0,350.0,407.0,284.0,150.0,150.0,0.4256795679033239
2024-07-17,303.3236,194.7,317.0,550.0,350.0,220.0,350.0,200.0,180.0,220.0,550.0,350.0,390.0,284.0,150.0,170.0,0.4296867638358546
2024-07-18,303.8416,194.7,317.0,500.0,270.0,240.0,350.0,250.0,230.0,160.0,550.0,328.0,413.0,284.0,170.0,130.0,0.4308221579355432
2024-07-19,303.9906,194.7,317.0,500.0,250.0,240.0,350.0,250.0,180.0,160.0,550.0,328.0,397.0,281.0,170.0,130.0,0.4311487481302407
2024-07-20,303.5,194.7,317.0,500.0,250.0,240.0,350.0,250.0,180.0,160.0,550.0,328.0,397.0,281.0,170.0,130.0,0.4300734115562889
2024-07-21,303.5,194.7,317.0,500.0,250.0,240.0,350.0,250.0,180.0,160.0,550.0,328.0,397.0,281.0,170.0,130.0,0.4300734115562889
2024-07-22,303.6956,194.7,317.0,600.0,400.0,240.0,350.0,250.0,180.0,200.0,600.0,313.0,400.0,281.0,170.0,150.0,0.430502143382349
2024-07-23,303.7287,194.7,317.0,650.0,420.0,240.0,350.0,270.0,180.0,150.0,600.0,300.0,383.0,281.0,150.0,150.0,0.4305746946269431
2024-07-24,303.8705,194.7,317.0,600.0,400.0,320.0,300.0,300.0,180.0,150.0,500.0,300.0,383.0,281.0,150.0,150.0,0.43088550328203135
2024-07-25,303.5644,194.7,317.0,550.0,350.0,320.0,250.0,300.0,180.0,150.0,450.0,325.0,383.0,281.0,150.0,150.0,0.4302145686605745
2024-07-26,303.62,194.7,317.0,500.0,350.0,340.0,350.0,300.0,180.0,180.0,450.0,325.0,383.0,281.0,160.0,130.0,0.43033643721644826
2024-07-27,302.9,194.7,317.0,500.0,350.0,340.0,350.0,300.0,180.0,180.0,450.0,325.0,383.0,281.0,160.0,130.0,0.428758283255491
2024-07-28,302.9,194.7,317.0,500.0,350.0,340.0,350.0,300.0,180.0,180.0,450.0,325.0,383.0,281.0,160.0,130.0,0.428758283255491
2024-07-29,303.1957,194.7,317.0,550.0,300.0,300.0,300.0,300.0,160.0,160.0,500.0,363.0,393.0,281.0,160.0,150.0,0.429406422319734
2024-07-30,302.8885,194.7,317.0,500.0,270.0,270.0,200.0,300.0,160.0,160.0,450.0,358.0,383.0,276.0,160.0,150.0,0.4287330766297259
2024-07-31,302.3706,194.7,317.0,400.0,300.0,300.0,200.0,250.0,160.0,160.0,350.0,344.0,393.0,276.0,160.0,130.0,0.4275979017180872
2024-08-01,302.445,191.1,317.0,400.0,270.0,320.0,200.0,300.0,160.0,160.0,350.0,320.0,393.0,276.0,160.0,130.0,0.42390580678967793
2024-08-02,302.4975,191.1,317.0,400.0,300.0,300.0,180.0,300.0,160.0,180.0,350.0,296.0,395.0,276.0,150.0,130.0,0.4240208805159977
2024-08-03,301.8,191.1,317.0,400.0,300.0,300.0,180.0,300.0,160.0,180.0,350.0,296.0,395.0,276.0,150.0,130.0,0.4224920438663207
2024-08-04,301.8,191.1,317.0,400.0,300.0,300.0,180.0,300.0,160.0,180.0,350.0,296.0,395.0,276.0,150.0,130.0,0.4224920438663207
2024-08-05,302.0889,191.1,317.0,400.0,300.0,270.0,200.0,280.0,160.0,200.0,350.0,290.0,397.0,276.0,150.0,130.0,0.42312527814315454
2024-08-06,302.2113,191.1,317.0,450.0,320.0,280.0,220.0,280.0,150.0,200.0,380.0,283.0,397.0,276.0,130.0,120.0,0.42339356431651715
2024-08-07,302.3394,191.1,317.0,400.0,250.0,300.0,220.0,280.0,150.0,160.0,350.0,288.0,397.0,276.0,130.0,120.0,0.4236743442087377
2024-08-08,301.8515,191.1,317.0,350.0,230.0,230.0,200.0,230.0,150.0,160.0,300.0,300.0,393.0,276.0,150.0,160.0,0.42260492571213853
2024-08-09,301.2378,191.1,317.0,350.0,200.0,230.0,200.0,250.0,150.0,160.0,300.0,300.0,384.0,276.0,150.0,160.0,0.4212597686484728
2024-08-10,299.95,191.1,317.0,350.0,200.0,230.0,200.0,250.0,150.0,160.0,300.0,300.0,384.0,276.0,150.0,160.0,0.4184370649388611
2024-08-11,299.95,191.1,317.0,350.0,200.0,230.0,200.0,250.0,150.0,160.0,300.0,300.0,384.0,276.0,150.0,160.0,0.4184370649388611
2024-08-12,300.4007,191.1,317.0,400.0,250.0,220.0,120.0,200.0,150.0,200.0,300.0,295.0,385.0,274.0,150.0,160.0,0.4194249454808102
2024-08-13,299.6647,191.1,317.0,400.0,250.0,220.0,150.0,200.0,150.0,200.0,300.0,276.0,397.0,274.0,150.0,160.0,0.4178117214318319
2024-08-14,299.228,191.1,317.0,300.0,250.0,220.0,200.0,250.0,150.0,180.0,200.0,280.0,397.0,274.0,150.0,160.0,0.4168545272169012
2024-08-15,299.2783,191.1,317.0,300.0,200.0,200.0,200.0,250.0,150.0,180.0,200.0,278.0,397.0,274.0,150.0,160.0,0.4169647788061184
2024-08-16,298.9042,191.1,317.0,300.0,200.0,200.0,150.0,200.0,150.0,180.0,200.0,270.0,397.0,274.0,150.0,130.0,0.41614479631057066
2024-08-17,298.7,191.1,317.0,300.0,200.0,200.0,150.0,200.0,150.0,180.0,200.0,270.0,397.0,274.0,150.0,130.0,0.4156972143121994
2024-08-18,298.7,191.1,317.0,300.0,200.0,200.0,150.0,200.0,150.0,180.0,200.0,270.0,397.0,274.0,150.0,130.0,0.4156972143121994
2024-08-19,298.82,191.1,317.0,300.0,200.0,200.0,150.0,200.0,150.0,180.0,200.0,270.0,397.0,274.0,150.0,130.0,0.41596023997235876
2024-08-20,298.6809,191.1,317.0,350.0,200.0,200.0,150.0,200.0,150.0,200.0,150.0,260.0,385.0,274.0,150.0,130.0,0.41565534939462373
2024-08-21,299.2525,191.1,317.0,300.0,180.0,180.0,150.0,220.0,130.0,150.0,150.0,260.0,385.0,274.0,150.0,150.0,0.41690822828918345
2024-08-22,299.9863,191.1,317.0,200.0,180.0,160.0,130.0,200.0,130.0,150.0,150.0,260.0,385.0,276.0,130.0,140.0,0.41851663020105917
2024-08-23,301.1343,191.1,317.0,200.0,180.0,180.0,130.0,200.0,130.0,150.0,150.0,283.0,375.0,276.0,130.0,150.0,0.42103290901658524
2024-08-24,299.7,191.1,317.0,200.0,180.0,180.0,130.0,200.0,130.0,150.0,150.0,283.0,375.0,276.0,130.0,150.0,0.41788909481352865
2024-08-25,299.7,191.1,317.0,200.0,180.0,180.0,130.0,200.0,130.0,150.0,150.0,283.0,375.0,276.0,130.0,150.0,0.41788909481352865
2024-08-26,300.5002,191.1,317.0,300.0,160.0,160.0,150.0,200.0,90.0,200.0,150.0,275.0,367.0,276.0,130.0,140.0,0.41964303759069255
2024-08-27,300.6037,191.1,317.0,300.0,180.0,180.0,150.0,220.0,90.0,180.0,170.0,275.0,350.0,270.0,130.0,140.0,0.4198698972225801
2024-08-28,300.7178,191.1,317.0,300.0,180.0,180.0,150.0,200.0,90.0,180.0,150.0,275.0,350.0,270.0,130.0,140.0,0.42011999078778156
2024-08-29,300.6837,191.1,317.0,300.0,200.0,180.0,180.0,250.0,80.0,180.0,200.0,275.0,350.0,268.0,130.0,140.0,0.42004524766268614
2024-08-30,300.3276,191.1,317.0,200.0,180.0,160.0,150.0,230.0,80.0,180.0,180.0,275.0,360.0,268.0,120.0,140.0,0.41926471901616275
2024-08-31,299.0,191.1,317.0,200.0,180.0,160.0,150.0,230.0,80.0,180.0,180.0,275.0,360.0,268.0,120.0,140.0,0.4163547784625984
2024-09-01,299.0,190.9,307.0,200.0,180.0,160.0,150.0,230.0,80.0,180.0,180.0,275.0,360.0,268.0,120.0,140.0,0.2996339890957114
2024-09-02,299.6011,190.9,307.0,250.0,200.0,200.0,150.0,250.0,60.0,220.0,200.0,288.0,317.0,268.0,120.0,140.0,0.3009515284650606
2024-09-03,299.0072,190.9,307.0,200.0,200.0,200.0,150.0,200.0,60.0,200.0,150.0,325.0,350.0,268.0,120.0,140.0,0.2996497706353213
2024-09-04,299.1715,190.9,307.0,200.0,180.0,220.0,150.0,250.0,60.0,200.0,150.0,305.0,295.0,268.0,120.0,140.0,0.3000098966016892
2024-09-05,298.9385,190.9,307.0,200.0,180.0,220.0,150.0,300.0,60.0,200.0,150.0,300.0,343.0,273.0,150.0,170.0,0.29949918844487977
2024-09-06,298.8696,190.9,307.0,200.0,180.0,220.0,130.0,350.0,60.0,180.0,150.0,300.0,327.0,273.0,150.0,170.0,0.29934816787833823
2024-09-07,298.9,190.9,307.0,200.0,180.0,220.0,130.0,350.0,60.0,180.0,150.0,300.0,327.0,273.0,150.0,170.0,0.2994148010455784
2024-09-08,298.9,190.9,307.0,200.0,180.0,220.0,130.0,350.0,60.0,180.0,150.0,300.0,327.0,273.0,150.0,170.0,0.2994148010455784
2024-09-09,298.6949,190.9,307.0,200.0,180.0,200.0,130.0,350.0,60.0,180.0,150.0,315.0,325.0,273.0,150.0,240.0,0.29896524635475585
2024-09-10,300.0746,190.9,307.0,200.0,200.0,180.0,150.0,350.0,60.0,180.0,180.0,315.0,325.0,275.0,150.0,240.0,0.30198938388244
2024-09-11,300.7295,190.9,307.0,150.0,180.0,180.0,150.0,380.0,60.0,200.0,180.0,315.0,340.0,273.0,150.0,240.0,0.30342484642276035
2024-09-12,300.7654,190.9,307.0,150.0,150.0,180.0,180.0,380.0,60.0,200.0,150.0,325.0,340.0,275.0,150.0,240.0,0.3035035349327584
2024-09-13,301.7977,190.9,307.0,150.0,150.0,180.0,150.0,380.0,60.0,200.0,150.0,315.0,340.0,275.0,150.0,240.0,0.3057662131742811
2024-09-14,301.5,190.9,307.0,150.0,150.0,180.0,150.0,380.0,60.0,200.0,150.0,315.0,340.0,275.0,150.0,240.0,0.30511369034903474
2024-09-15,301.5,190.9,307.0,150.0,150.0,180.0,150.0,380.0,60.0,200.0,150.0,315.0,340.0,275.0,150.0,240.0,0.30511369034903474
2024-09-16,302.16,190.9,307.0,150.0,150.0,180.0,150.0,380.0,60.0,200.0,150.0,315.0,340.0,275.0,150.0,240.0,0.30656033147991235
2024-09-17,302.5,190.9,307.0,150.0,150.0,180.0,150.0,380.0,60.0,200.0,150.0,315.0,340.0,275.0,150.0,240.0,0.30730557085036464
2024-09-18,301.1969,190.9,307.0,200.0,150.0,180.0,150.0,260.0,60.0,200.0,150.0,325.0,325.0,275.0,150.0,240.0,0.3044493313690818
2024-09-19,303.9177,190.9,307.0,200.0,150.0,180.0,150.0,250.0,60.0,180.0,180.0,325.0,352.0,275.0,150.0,240.0,0.31041299983709886
2024-09-20,304.5504,190.9,307.0,200.0,150.0,180.0,150.0,250.0,60.0,180.0,180.0,325.0,325.0,275.0,150.0,240.0,0.3117998026302902
2024-09-21,305.0,190.9,307.0,200.0,150.0,180.0,150.0,250.0,60.0,180.0,180.0,325.0,325.0,275.0,150.0,240.0,0.312785272103688
2024-09-22,305.0,190.9,307.0,200.0,150.0,180.0,150.0,250.0,60.0,180.0,180.0,325.0,325.0,275.0,150.0,240.0,0.312785272103688
2024-09-23,304.8847,190.9,307.0,200.0,150.0,200.0,180.0,250.0,60.0,200.0,200.0,325.0,325.0,275.0,150.0,220.0,0.31253254828188465
2024-09-24,304.4214,190.9,307.0,200.0,180.0,250.0,200.0,250.0,60.0,200.0,150.0,340.0,325.0,278.0,150.0,240.0,0.3115170500456184
2024-09-25,303.9075,190.9,307.0,200.0,150.0,250.0,180.0,200.0,60.0,200.0,150.0,338.0,332.0,278.0,150.0,240.0,0.3103906426559857
2024-09-26,301.7592,190.9,307.0,200.0,150.0,200.0,150.0,200.0,60.0,200.0,150.0,315.0,330.0,278.0,150.0,240.0,0.30568182577497977
2024-09-27,300.2152,190.9,307.0,250.0,100.0,180.0,130.0,150.0,60.0,180.0,130.0,313.0,330.0,278.0,150.0,240.0,0.30229756228092697
2024-09-28,298.7,190.9,307.0,250.0,100.0,180.0,130.0,150.0,60.0,180.0,130.0,313.0,330.0,278.0,150.0,240.0,0.2989764249453124
2024-09-29,298.7,190.9,307.0,250.0,100.0,180.0,130.0,150.0,60.0,180.0,130.0,313.0,330.0,278.0,150.0,240.0,0.2989764249453124
2024-09-30,299.3565,190.9,307.0,200.0,120.0,180.0,250.0,200.0,60.0,180.0,150.0,310.0,315.0,278.0,150.0,180.0,0.3004153944944354
2024-10-01,297.1955,189.9,283.0,250.0,100.0,180.0,250.0,200.0,60.0,150.0,150.0,313.0,290.0,278.0,150.0,160.0,0.014991988240643628
2024-10-02,295.6217,189.9,283.0,200.0,100.0,150.0,250.0,200.0,60.0,150.0,130.0,313.0,290.0,278.0,150.0,160.0,0.011542406707651387
2024-10-03,294.9272,189.9,283.0,200.0,100.0,170.0,230.0,200.0,50.0,150.0,130.0,308.0,284.0,278.0,130.0,160.0,0.0100201456994784
2024-10-04,295.4684,189.9,283.0,300.0,100.0,150.0,200.0,200.0,50.0,160.0,150.0,308.0,265.0,278.0,130.0,160.0,0.011206391426797968
2024-10-05,293.8,189.9,283.0,300.0,100.0,150.0,200.0,200.0,50.0,160.0,150.0,308.0,265.0,278.0,130.0,160.0,0.0075494579983799714
2024-10-06,293.8,189.9,283.0,300.0,100.0,150.0,200.0,200.0,50.0,160.0,150.0,308.0,265.0,278.0,130.0,160.0,0.0075494579983799714
2024-10-07,293.7819,189.9,283.0,350.0,120.0,120.0,250.0,250.0,60.0,180.0,200.0,340.0,283.0,278.0,130.0,100.0,0.007509784961306276
2024-10-08,293.5476,189.9,283.0,350.0,100.0,120.0,230.0,200.0,60.0,150.0,200.0,300.0,257.0,278.0,130.0,100.0,0.0069962273598442315
2024-10-09,293.361,189.9,283.0,350.0,120.0,140.0,250.0,200.0,60.0,180.0,230.0,330.0,267.0,278.0,120.0,100.0,0.006587222458296682
2024-10-10,292.9175,189.9,283.0,300.0,100.0,120.0,230.0,130.0,60.0,150.0,250.0,310.0,263.0,278.0,120.0,95.0,0.005615123455956772
2024-10-11,293.1156,189.9,283.0,250.0,80.0,100.0,200.0,120.0,90.0,130.0,200.0,320.0,258.0,278.0,120.0,95.0,0.006049334983270149
2024-10-12,292.7,189.9,283.0,250.0,80.0,100.0,200.0,120.0,90.0,130.0,200.0,320.0,258.0,278.0,120.0,95.0,0.005138389446917746
2024-10-13,292.7,189.9,283.0,250.0,80.0,100.0,200.0,120.0,90.0,130.0,200.0,320.0,258.0,278.0,120.0,95.0,0.005138389446917746
2024-10-14,292.8558,189.9,283.0,350.0,100.0,100.0,300.0,130.0,90.0,200.0,250.0,325.0,260.0,278.0,100.0,80.0,0.005479884429024473
2024-10-15,292.8871,189.9,283.0,300.0,90.0,80.0,250.0,150.0,90.0,250.0,300.0,325.0,253.0,278.0,100.0,80.0,0.005548490288716623
2024-10-16,293.6853,189.9,283.0,300.0,80.0,80.0,250.0,130.0,100.0,270.0,350.0,333.0,253.0,278.0,100.0,80.0,0.007298049304877208
2024-10-17,292.8,189.9,283.0,300.0,80.0,80.0,250.0,130.0,100.0,270.0,300.0,333.0,253.0,278.0,100.0,80.0,0.005357577497050736
2024-10-18,292.9995,189.9,283.0,400.0,80.0,80.0,200.0,100.0,100.0,200.0,300.0,230.0,253.0,278.0,100.0,80.0,0.005794857657066055
2024-10-19,292.9,189.9,283.0,400.0,80.0,80.0,200.0,100.0,100.0,200.0,300.0,230.0,253.0,278.0,100.0,80.0,0.005576765547183726
2024-10-20,292.9,189.9,283.0,400.0,80.0,80.0,200.0,100.0,100.0,200.0,300.0,230.0,253.0,278.0,100.0,80.0,0.005576765547183726
2024-10-21,292.8693,189.9,283.0,400.0,100.0,130.0,250.0,200.0,120.0,320.0,300.0,300.0,257.0,278.0,100.0,80.0,0.005509474815792947
2024-10-22,293.0992,189.9,283.0,300.0,100.0,100.0,200.0,250.0,120.0,320.0,300.0,320.0,253.0,278.0,100.0,80.0,0.006013388143048415
2024-10-23,293.2637,189.9,283.0,250.0,80.0,100.0,200.0,200.0,120.0,300.0,300.0,320.0,257.0,278.0,100.0,75.0,0.006373952485516976
2024-10-24,293.2756,189.9,283.0,200.0,80.0,100.0,200.0,200.0,110.0,300.0,400.0,375.0,260.0,278.0,100.0,80.0,0.006400035863482756
2024-10-25,293.6754,189.9,283.0,300.0,100.0,100.0,200.0,150.0,100.0,300.0,350.0,313.0,257.0,278.0,100.0,80.0,0.0072763496879147405
2024-10-26,293.4,189.9,283.0,300.0,100.0,100.0,200.0,150.0,100.0,300.0,350.0,313.0,257.0,278.0,100.0,80.0,0.006672705797848011
2024-10-27,293.4,189.9,283.0,300.0,100.0,100.0,200.0,150.0,100.0,300.0,350.0,313.0,257.0,278.0,100.0,80.0,0.006672705797848011
2024-10-28,293.6867,189.9,283.0,350.0,100.0,280.0,220.0,180.0,100.0,320.0,400.0,313.0,243.0,278.0,100.0,80.0,0.007301117937579205
2024-10-29,293.5354,189.9,283.0,250.0,90.0,80.0,200.0,250.0,100.0,320.0,350.0,313.0,243.0,278.0,100.0,80.0,0.006969486417728432
2024-10-30,293.7185,189.9,283.0,250.0,80.0,80.0,200.0,280.0,100.0,300.0,350.0,320.0,245.0,278.0,80.0,80.0,0.007370819737522016
2024-10-31,292.9,189.9,283.0,250.0,80.0,80.0,200.0,280.0,100.0,300.0,350.0,320.0,245.0,278.0,80.0,80.0,0.005576765547183726
2024-11-01,293.4102,189.4,283.0,250.0,100.0,100.0,200.0,300.0,100.0,300.0,350.0,313.0,257.0,278.0,80.0,60.0,0.006159622584835489
2024-11-02,292.9,189.4,283.0,250.0,100.0,100.0,200.0,300.0,100.0,300.0,350.0,313.0,257.0,278.0,80.0,60.0,0.0050413251530573855
2024-11-03,292.9,189.4,283.0,250.0,100.0,100.0,200.0,300.0,100.0,300.0,350.0,313.0,257.0,278.0,80.0,60.0,0.0050413251530573855
2024-11-04,292.9776,189.4,283.0,250.0,80.0,80.0,200.0,250.0,100.0,250.0,400.0,338.0,255.0,278.0,80.0,60.0,0.005211415079960757
2024-11-05,293.0869,189.4,283.0,200.0,80.0,60.0,180.0,200.0,100.0,200.0,300.0,310.0,273.0,278.0,80.0,60.0,0.005450987618756231
2024-11-06,293.1073,189.4,283.0,250.0,60.0,60.0,180.0,200.0,100.0,200.0,250.0,310.0,280.0,278.0,80.0,60.0,0.005495701980983259
2024-11-07,292.9412,189.4,283.0,300.0,80.0,70.0,180.0,200.0,90.0,200.0,350.0,310.0,273.0,278.0,80.0,60.0,0.005131630629712003
2024-11-08,292.6902,189.4,283.0,250.0,100.0,70.0,180.0,250.0,80.0,200.0,350.0,290.0,280.0,278.0,80.0,60.0,0.00458146862387826
2024-11-09,292.5,189.4,283.0,250.0,100.0,70.0,180.0,250.0,80.0,200.0,350.0,290.0,280.0,278.0,80.0,60.0,0.004164572952525425
2024-11-10,292.5,189.4,283.0,250.0,100.0,70.0,180.0,250.0,80.0,200.0,350.0,290.0,280.0,278.0,80.0,60.0,0.004164572952525425
2024-11-11,292.6497,189.4,283.0,350.0,90.0,60.0,250.0,200.0,80.0,150.0,200.0,318.0,273.0,278.0,100.0,80.0,0.004492697463574946
2024-11-12,292.594,189.4,283.0,450.0,120.0,80.0,250.0,250.0,80.0,200.0,200.0,318.0,275.0,278.0,100.0,80.0,0.004370609719650531
2024-11-13,292.5977,189.4,283.0,450.0,100.0,60.0,250.0,200.0,80.0,200.0,250.0,318.0,267.0,278.0,100.0,80.0,0.004378719677505805
2024-11-14,292.2986,189.4,283.0,450.0,90.0,60.0,200.0,250.0,80.0,250.0,400.0,385.0,280.0,278.0,100.0,80.0,0.0037231282195581694
2024-11-15,292.1,189.4,283.0,450.0,90.0,60.0,200.0,250.0,80.0,250.0,400.0,385.0,280.0,278.0,100.0,80.0,0.0032878207519941305
2024-11-16,292.1,189.4,283.0,450.0,90.0,60.0,200.0,250.0,80.0,250.0,400.0,385.0,280.0,278.0,100.0,80.0,0.0032878207519941305
2024-11-17,292.1,189.4,283.0,450.0,90.0,60.0,200.0,250.0,80.0,250.0,400.0,385.0,280.0,278.0,100.0,80.0,0.0032878207519941305
2024-11-18,292.1947,189.4,283.0,500.0,90.0,60.0,200.0,200.0,100.0,200.0,200.0,325.0,317.0,278.0,100.0,80.0,0.0034953918354698743
2024-11-19,291.5886,189.4,283.0,480.0,80.0,60.0,200.0,150.0,100.0,200.0,200.0,313.0,307.0,275.0,100.0,80.0,0.0021668930636140615
2024-11-20,290.917,189.4,283.0,500.0,80.0,60.0,200.0,150.0,120.0,180.0,200.0,313.0,303.0,275.0,100.0,80.0,0.0006948261189213545
2024-11-21,290.9755,189.4,283.0,400.0,80.0,50.0,200.0,200.0,120.0,180.0,280.0,313.0,308.0,275.0,100.0,100.0,0.0008230511282489861
2024-11-22,290.9942,189.4,283.0,380.0,80.0,50.0,200.0,200.0,120.0,200.0,200.0,313.0,308.0,275.0,100.0,100.0,0.0008640392936240526
2024-11-23,291.0,189.4,283.0,380.0,80.0,50.0,200.0,200.0,120.0,200.0,200.0,313.0,308.0,275.0,100.0,100.0,0.0008767522005319606
2024-11-24,291.0,189.4,283.0,380.0,80.0,50.0,200.0,200.0,120.0,200.0,200.0,313.0,308.0,275.0,100.0,100.0,0.0008767522005319606
2024-11-25,290.9399,189.4,283.0,450.0,100.0,60.0,230.0,200.0,120.0,200.0,350.0,313.0,315.0,275.0,100.0,100.0,0.0007450201824016345
2024-11-26,291.0625,189.4,283.0,500.0,130.0,60.0,230.0,200.0,120.0,220.0,400.0,283.0,315.0,275.0,100.0,100.0,0.0010137447318648851
2024-11-27,291.1471,189.4,283.0,550.0,130.0,80.0,250.0,250.0,120.0,250.0,600.0,275.0,315.0,275.0,100.0,100.0,0.001199177822277464
2024-11-28,291.0933,189.4,283.0,500.0,120.0,100.0,250.0,300.0,120.0,230.0,600.0,277.0,350.0,275.0,80.0,100.0,0.0010812546513057075
2024-11-29,290.9179,189.4,283.0,500.0,150.0,80.0,250.0,300.0,120.0,230.0,450.0,283.0,348.0,275.0,80.0,100.0,0.0006967988113726342
2024-11-30,290.6,189.4,283.0,500.0,150.0,80.0,250.0,300.0,120.0,230.0,450.0,283.0,348.0,275.0,80.0,100.0,0.0
2024-12-01,290.6,191.7,286.0,500.0,150.0,80.0,250.0,300.0,120.0,230.0,450.0,283.0,348.0,275.0,80.0,100.0,0.037415009775751296
2024-12-02,290.6996,191.7,286.0,600.0,150.0,80.0,270.0,300.0,120.0,270.0,400.0,283.0,325.0,275.0,80.0,100.0,0.03763332107368361
2024-12-03,290.6498,191.7,286.0,800.0,100.0,100.0,250.0,300.0,120.0,270.0,350.0,250.0,340.0,272.0,80.0,100.0,0.03752416542471709
2024-12-04,290.5357,191.7,286.0,900.0,100.0,80.0,200.0,300.0,140.0,300.0,600.0,250.0,318.0,272.0,70.0,100.0,0.0372740718595157
2024-12-05,290.5201,191.7,286.0,850.0,100.0,80.0,200.0,300.0,140.0,300.0,600.0,250.0,325.0,272.0,70.0,100.0,0.03723987852369459
2024-12-06,290.4005,191.7,286.0,800.0,80.0,60.0,200.0,250.0,140.0,300.0,550.0,250.0,320.0,272.0,70.0,80.0,0.03697772961573598
2024-12-07,290.25,191.7,286.0,800.0,80.0,60.0,200.0,250.0,140.0,300.0,550.0,250.0,320.0,272.0,70.0,80.0,0.03664785160028583
2024-12-08,290.25,191.7,286.0,800.0,80.0,60.0,200.0,250.0,140.0,300.0,550.0,250.0,320.0,272.0,70.0,80.0,0.03664785160028583
2024-12-09,290.3415,191.7,286.0,600.0,140.0,80.0,250.0,250.0,140.0,320.0,750.0,250.0,346.0,272.0,70.0,120.0,0.03684840866615763
2024-12-10,290.3607,191.7,286.0,600.0,150.0,100.0,230.0,250.0,140.0,320.0,800.0,250.0,363.0,272.0,70.0,120.0,0.036890492771782635
2024-12-11,290.3096,191.7,286.0,550.0,140.0,180.0,230.0,200.0,140.0,350.0,900.0,250.0,360.0,272.0,70.0,150.0,0.03677848767816483
2024-12-12,290.2963,191.7,286.0,500.0,150.0,180.0,200.0,250.0,140.0,330.0,900.0,250.0,360.0,272.0,70.0,150.0,0.03674933566749705
2024-12-13,290.2596,191.7,286.0,450.0,180.0,200.0,200.0,250.0,140.0,330.0,1000.0,250.0,357.0,272.0,70.0,150.0,0.03666889365309833
2024-12-14,290.15,191.7,286.0,450.0,180.0,200.0,200.0,250.0,140.0,330.0,1000.0,250.0,357.0,272.0,70.0,150.0,0.03642866355015284
2024-12-15,290.15,191.7,286.0,450.0,180.0,200.0,200.0,250.0,140.0,330.0,1000.0,250.0,357.0,272.0,70.0,150.0,0.03642866355015284
2024-12-16,290.323,191.7,286.0,350.0,150.0,250.0,350.0,300.0,150.0,320.0,900.0,280.0,350.0,272.0,70.0,150.0,0.03680785887688259
2024-12-17,290.7605,191.7,286.0,300.0,130.0,200.0,420.0,280.0,150.0,320.0,900.0,280.0,350.0,275.0,70.0,150.0,0.037766806596214564
2024-12-18,290.9406,191.7,286.0,350.0,150.0,200.0,500.0,280.0,160.0,320.0,1000.0,280.0,343.0,272.0,70.0,150.0,0.03816156427450357
2024-12-19,291.2826,191.7,286.0,350.0,130.0,150.0,500.0,280.0,160.0,320.0,1000.0,280.0,340.0,273.0,80.0,150.0,0.0389111874059585
2024-12-20,292.6811,191.7,286.0,400.0,150.0,150.0,480.0,280.0,170.0,300.0,1000.0,280.0,343.0,270.0,80.0,130.0,0.041976532287067714
2024-12-21,293.5,191.7,286.0,400.0,150.0,150.0,480.0,280.0,170.0,300.0,1000.0,280.0,343.0,270.0,80.0,130.0,0.043771463229605956
2024-12-22,293.5,191.7,286.0,400.0,150.0,150.0,480.0,280.0,170.0,300.0,1000.0,280.0,343.0,270.0,80.0,130.0,0.043771463229605956
2024-12-23,293.1667,191.7,286.0,450.0,150.0,150.0,400.0,350.0,200.0,300.0,800.0,280.0,350.0,273.0,100.0,130.0,0.043040909458512855
2024-12-24,295.6109,191.7,286.0,400.0,150.0,150.0,300.0,300.0,200.0,250.0,800.0,280.0,350.0,273.0,130.0,170.0,0.04839830377986254
2024-12-25,294.5,191.7,286.0,400.0,150.0,150.0,300.0,300.0,200.0,250.0,800.0,280.0,350.0,273.0,130.0,170.0,0.04596334373093586
2024-12-26,296.4816,191.7,286.0,450.0,150.0,150.0,250.0,450.0,200.0,250.0,1200.0,280.0,350.0,272.0,130.0,170.0,0.05030677413236989
2024-12-27,294.3343,191.7,286.0,450.0,130.0,150.0,280.0,420.0,200.0,230.0,1000.0,280.0,350.0,272.0,130.0,170.0,0.045600149131865275
2024-12-28,292.0,191.7,286.0,450.0,130.0,150.0,280.0,420.0,200.0,230.0,1000.0,280.0,350.0,272.0,130.0,170.0,0.040483642477612436
2024-12-29,292.0,191.7,286.0,450.0,130.0,150.0,280.0,420.0,200.0,230.0,1000.0,280.0,350.0,272.0,130.0,170.0,0.040483642477612436
2024-12-30,292.7528,191.7,286.0,400.0,200.0,150.0,250.0,350.0,180.0,200.0,800.0,280.0,350.0,275.0,130.0,170.0,0.042133690119013134
2024-12-31,292.5833,191.7,286.0,450.0,250.0,130.0,250.0,400.0,180.0,200.0,900.0,280.0,350.0,275.0,130.0,170.0,0.041762166374037346
2025-01-01,293.0027,192.6,286.0,400.0,200.0,100.0,200.0,400.0,180.0,200.0,700.0,280.0,350.0,270.0,100.0,170.0,0.04364523376572216
2025-01-02,293.4147,192.6,286.0,400.0,200.0,120.0,200.0,400.0,160.0,200.0,800.0,280.0,350.0,273.0,100.0,180.0,0.044548288532269886
2025-01-03,293.2654,192.6,286.0,250.0,250.0,160.0,400.0,400.0,160.0,200.0,1000.0,280.0,350.0,273.0,100.0,180.0,0.04422104077342176
2025-01-04,293.5,192.6,286.0,250.0,250.0,160.0,400.0,400.0,160.0,200.0,1000.0,280.0,350.0,273.0,100.0,180.0,0.0447352559390331
2025-01-05,293.5,192.6,286.0,250.0,250.0,160.0,400.0,400.0,160.0,200.0,1000.0,280.0,350.0,273.0,100.0,180.0,0.0447352559390331
2025-01-06,293.5577,192.6,286.0,300.0,180.0,150.0,350.0,300.0,150.0,180.0,600.0,280.0,350.0,273.0,130.0,170.0,0.044861727443960164
2025-01-07,294.9314,192.6,286.0,300.0,250.0,150.0,300.0,300.0,150.0,180.0,800.0,280.0,350.0,273.0,130.0,170.0,0.04787271368863644
2025-01-08,296.1507,192.6,286.0,250.0,200.0,130.0,250.0,300.0,120.0,180.0,700.0,280.0,357.0,275.0,130.0,120.0,0.05054527358390731
2025-01-09,296.0915,192.6,286.0,250.0,180.0,130.0,230.0,250.0,120.0,150.0,700.0,280.0,357.0,273.0,130.0,120.0,0.05041551425822832
2025-01-10,295.5931,192.6,286.0,300.0,200.0,150.0,250.0,250.0,100.0,150.0,750.0,280.0,353.0,273.0,100.0,120.0,0.04932308101636601
2025-01-11,294.4,192.6,286.0,300.0,200.0,150.0,250.0,250.0,100.0,150.0,750.0,280.0,353.0,273.0,100.0,120.0,0.046707948390230014
2025-01-12,294.4,192.6,286.0,300.0,200.0,150.0,250.0,250.0,100.0,150.0,750.0,280.0,353.0,273.0,100.0,120.0,0.046707948390230014
2025-01-13,294.4,192.6,286.0,300.0,200.0,150.0,250.0,250.0,100.0,150.0,750.0,280.0,353.0,273.0,100.0,120.0,0.046707948390230014
2025-01-14,294.4,192.6,286.0,300.0,200.0,150.0,250.0,250.0,100.0,150.0,750.0,280.0,353.0,273.0,100.0,120.0,0.046707948390230014
2025-01-15,294.5963,192.6,286.0,300.0,250.0,150.0,250.0,300.0,100.0,180.0,1100.0,280.0,370.0,273.0,120.0,120.0,0.04713821453264072
2025-01-16,295.221,192.6,286.0,300.0,280.0,150.0,250.0,300.0,100.0,150.0,1000.0,280.0,365.0,273.0,120.0,120.0,0.04850748228182161
2025-01-17,296.5135,192.6,286.0,330.0,250.0,150.0,200.0,250.0,100.0,150.0,900.0,280.0,365.0,273.0,120.0,120.0,0.051340487829789894
2025-01-18,296.3,192.6,286.0,330.0,250.0,150.0,200.0,250.0,100.0,150.0,900.0,280.0,365.0,273.0,120.0,120.0,0.050872521342755495
2025-01-19,296.3,192.6,286.0,330.0,250.0,150.0,200.0,250.0,100.0,150.0,900.0,280.0,365.0,273.0,120.0,120.0,0.050872521342755495
2025-01-20,296.6599,192.6,286.0,550.0,250.0,150.0,250.0,300.0,120.0,150.0,1300.0,280.0,413.0,273.0,100.0,120.0,0.05166137913518409
2025-01-21,296.8545,192.6,286.0,350.0,200.0,150.0,250.0,350.0,120.0,150.0,1300.0,280.0,413.0,273.0,100.0,120.0,0.05208791908074284
2025-01-22,297.4952,192.6,286.0,300.0,250.0,150.0,250.0,300.0,120.0,150.0,1000.0,280.0,407.0,272.0,100.0,120.0,0.053492256917944736
2025-01-23,298.6584,192.6,286.0,350.0,250.0,150.0,300.0,250.0,120.0,200.0,1000.0,280.0,423.0,272.0,100.0,120.0,0.05604185231709058
2025-01-24,298.8605,192.6,286.0,400.0,280.0,150.0,300.0,300.0,120.0,230.0,900.0,280.0,407.0,272.0,100.0,120.0,0.05648483136640986
2025-01-25,298.1,192.6,286.0,400.0,280.0,150.0,300.0,300.0,120.0,230.0,1300.0,280.0,407.0,272.0,100.0,120.0,0.054817906245148595
2025-01-26,298.1,192.6,286.0,400.0,280.0,150.0,300.0,300.0,120.0,230.0,1300.0,280.0,407.0,272.0,100.0,120.0,0.054817906245148595
2025-01-27,298.411,192.6,286.0,600.0,300.0,150.0,250.0,300.0,120.0,180.0,1300.0,280.0,390.0,275.0,100.0,120.0,0.055499581081062066
2025-01-28,298.4691,192.6,286.0,600.0,300.0,150.0,250.0,350.0,120.0,180.0,1000.0,280.0,423.0,272.0,100.0,120.0,0.05562692933818908
2025-01-29,297.899,192.6,286.0,550.0,300.0,130.0,250.0,350.0,120.0,200.0,1000.0,280.0,385.0,272.0,100.0,100.0,0.05437733826438129
2025-01-30,296.5464,192.6,286.0,550.0,280.0,130.0,270.0,330.0,120.0,200.0,1100.0,280.0,410.0,272.0,100.0,100.0,0.05141260069828335
2025-01-31,297.5797,192.6,286.0,550.0,300.0,150.0,300.0,330.0,120.0,200.0,1200.0,280.0,385.0,270.0,120.0,120.0,0.05367747082030666
2025-02-01,297.5797,192.2,286.0,550.0,300.0,150.0,300.0,330.0,120.0,200.0,1200.0,280.0,385.0,270.0,120.0,120.0,0.053249118505005855
2025-02-02,297.5797,192.2,286.0,550.0,300.0,150.0,300.0,330.0,120.0,200.0,1200.0,280.0,385.0,270.0,120.0,120.0,0.053249118505005855
2025-02-03,297.6367,192.2,286.0,500.0,300.0,200.0,250.0,300.0,120.0,200.0,1200.0,280.0,385.0,265.0,100.0,100.0,0.05337405569358156
2025-02-04,297.6367,192.2,286.0,500.0,300.0,200.0,250.0,300.0,120.0,200.0,1200.0,280.0,385.0,265.0,100.0,100.0,0.05337405569358156
2025-02-05,299.1413,192.2,286.0,400.0,450.0,200.0,200.0,300.0,120.0,200.0,1000.0,280.0,375.0,265.0,120.0,120.0,0.05667195909588163
2025-02-06,298.9288,192.2,286.0,450.0,450.0,200.0,200.0,400.0,120.0,200.0,1200.0,280.0,347.0,265.0,120.0,120.0,0.05620618448934922
2025-02-07,298.4908,192.2,286.0,450.0,500.0,200.0,200.0,400.0,120.0,220.0,1200.0,280.0,330.0,268.0,120.0,120.0,0.0552461408297672
2025-02-08,298.4908,192.2,286.0,450.0,500.0,200.0,200.0,400.0,120.0,220.0,1200.0,280.0,330.0,268.0,120.0,120.0,0.0552461408297672
2025-02-09,298.4908,192.2,286.0,450.0,500.0,200.0,200.0,400.0,120.0,220.0,1200.0,280.0,330.0,268.0,120.0,120.0,0.0552461408297672
2025-02-10,297.6589,192.2,286.0,400.0,650.0,250.0,150.0,550.0,120.0,250.0,1000.0,280.0,375.0,265.0,120.0,120.0,0.0534227154407112
2025-02-11,297.5176,192.2,286.0,450.0,700.0,250.0,200.0,550.0,120.0,250.0,1200.0,280.0,375.0,263.0,120.0,200.0,0.05311300272587355
2025-02-12,297.5176,192.2,286.0,450.0,700.0,250.0,200.0,550.0,120.0,250.0,1200.0,280.0,375.0,263.0,120.0,200.0,0.05311300272587355
2025-02-13,297.0173,192.2,286.0,350.0,650.0,280.0,200.0,550.0,120.0,250.0,1300.0,280.0,375.0,260.0,100.0,200.0,0.05201640491105797
2025-02-14,296.556,192.2,286.0,300.0,600.0,300.0,150.0,550.0,120.0,250.0,1500.0,280.0,375.0,260.0,100.0,250.0,0.05100529043579505
2025-02-15,296.556,192.2,286.0,300.0,600.0,300.0,150.0,550.0,120.0,250.0,1500.0,280.0,375.0,260.0,100.0,250.0,0.05100529043579505
2025-02-16,296.556,192.2,286.0,300.0,600.0,300.0,150.0,550.0,120.0,250.0,1500.0,280.0,375.0,260.0,100.0,250.0,0.05100529043579505
2025-02-17,295.5232,192.2,286.0,350.0,800.0,300.0,120.0,500.0,160.0,200.0,1400.0,280.0,375.0,263.0,100.0,280.0,0.04874151625402168
2025-02-18,295.3468,192.2,286.0,300.0,800.0,300.0,120.0,500.0,160.0,150.0,1200.0,280.0,367.0,263.0,100.0,280.0,0.048354868533587336
2025-02-19,295.8921,192.2,286.0,200.0,600.0,300.0,120.0,500.0,170.0,150.0,1200.0,255.0,363.0,263.0,100.0,280.0,0.04955010097096285
2025-02-20,296.6271,192.2,286.0,250.0,600.0,320.0,120.0,550.0,170.0,170.0,1200.0,210.0,357.0,263.0,100.0,280.0,0.05116113313943982
2025-02-21,296.4754,192.2,286.0,250.0,600.0,320.0,150.0,550.0,170.0,200.0,1100.0,200.0,330.0,262.0,120.0,280.0,0.050828624867387706
2025-02-22,296.4754,192.2,286.0,250.0,600.0,320.0,150.0,550.0,170.0,200.0,1100.0,200.0,330.0,262.0,120.0,280.0,0.050828624867387706
2025-02-23,296.4754,192.2,286.0,250.0,600.0,320.0,150.0,550.0,170.0,200.0,1100.0,200.0,330.0,262.0,120.0,280.0,0.050828624867387706
2025-02-24,295.8829,192.2,286.0,200.0,1000.0,300.0,120.0,200.0,170.0,100.0,1100.0,200.0,320.0,262.0,100.0,260.0,0.0495299356703503
2025-02-25,295.749,192.2,286.0,200.0,900.0,320.0,120.0,150.0,170.0,100.0,1100.0,210.0,320.0,260.0,100.0,280.0,0.049236442871222585
2025-02-26,295.749,192.2,286.0,200.0,900.0,320.0,120.0,150.0,170.0,100.0,1100.0,210.0,320.0,260.0,100.0,280.0,0.049236442871222585
2025-02-27,295.7164,192.2,286.0,180.0,600.0,280.0,120.0,150.0,150.0,100.0,1000.0,210.0,333.0,260.0,120.0,280.0,0.04916498756687909
2025-02-28,295.4981,192.2,286.0,150.0,800.0,350.0,140.0,150.0,150.0,100.0,1200.0,200.0,343.0,260.0,120.0,280.0,0.048686500053438775
2025-03-01,295.4981,191.6,286.0,150.0,800.0,350.0,140.0,150.0,150.0,100.0,1200.0,200.0,343.0,260.0,120.0,280.0,0.048043971580487566
2025-03-02,295.4981,191.6,286.0,150.0,800.0,350.0,140.0,150.0,150.0,100.0,1200.0,200.0,343.0,260.0,120.0,280.0,0.048043971580487566
2025-03-03,295.368,191.6,286.0,180.0,700.0,350.0,180.0,120.0,130.0,150.0,1000.0,200.0,343.0,260.0,120.0,280.0,0.04775880792726439
2025-03-04,295.347,191.6,286.0,200.0,700.0,300.0,200.0,120.0,130.0,150.0,1000.0,190.0,343.0,260.0,120.0,280.0,0.0477127784367361
2025-03-05,295.2061,191.6,286.0,180.0,600.0,300.0,200.0,120.0,130.0,130.0,700.0,190.0,343.0,260.0,120.0,280.0,0.047403942474099126
2025-03-06,295.2296,191.6,286.0,350.0,700.0,250.0,200.0,120.0,130.0,150.0,450.0,195.0,340.0,260.0,120.0,280.0,0.047455451665880055
2025-03-07,295.5809,191.6,286.0,300.0,700.0,200.0,150.0,120.0,150.0,200.0,500.0,200.0,323.0,260.0,120.0,280.0,0.048225459285997474
2025-03-08,295.5809,191.6,286.0,300.0,700.0,200.0,150.0,120.0,150.0,200.0,500.0,200.0,323.0,260.0,120.0,280.0,0.048225459285997474
2025-03-09,295.5809,191.6,286.0,300.0,700.0,200.0,150.0,120.0,150.0,200.0,500.0,200.0,323.0,260.0,120.0,280.0,0.048225459285997474
2025-03-10,295.468,191.6,286.0,400.0,650.0,250.0,150.0,150.0,130.0,250.0,800.0,260.0,303.0,260.0,120.0,280.0,0.04797799597739738
2025-03-11,295.4696,191.6,286.0,450.0,600.0,300.0,170.0,150.0,130.0,250.0,800.0,220.0,320.0,260.0,100.0,290.0,0.047981502986199354
2025-03-12,295.5014,191.6,286.0,350.0,650.0,250.0,150.0,150.0,130.0,250.0,900.0,220.0,293.0,260.0,100.0,290.0,0.0480512047861415
2025-03-13,295.5014,191.6,286.0,350.0,650.0,250.0,150.0,150.0,130.0,250.0,900.0,220.0,293.0,260.0,100.0,290.0,0.0480512047861415
2025-03-14,295.4196,191.6,286.0,350.0,650.0,250.0,200.0,180.0,130.0,250.0,800.0,175.0,307.0,260.0,100.0,290.0,0.04787190896113286
2025-03-15,295.4196,191.6,286.0,350.0,650.0,250.0,200.0,180.0,130.0,250.0,800.0,175.0,307.0,260.0,100.0,290.0,0.04787190896113286
2025-03-16,295.4196,191.6,286.0,350.0,650.0,250.0,200.0,180.0,130.0,250.0,800.0,175.0,307.0,260.0,100.0,290.0,0.04787190896113286
2025-03-17,295.8118,191.6,286.0,600.0,500.0,320.0,300.0,150.0,130.0,300.0,700.0,175.0,320.0,260.0,120.0,150.0,0.048731564493754265
2025-03-18,296.2915,191.6,286.0,600.0,500.0,300.0,300.0,130.0,130.0,300.0,700.0,175.0,320.0,260.0,120.0,150.0,0.04978300957024223
2025-03-19,296.04,191.6,286.0,450.0,500.0,200.0,250.0,150.0,130.0,300.0,600.0,175.0,317.0,260.0,120.0,150.0,0.04923175162415777
2025-03-20,296.2133,191.6,286.0,400.0,400.0,180.0,200.0,200.0,130.0,300.0,600.0,200.0,307.0,260.0,100.0,150.0,0.04961160451503821
2025-03-21,296.6034,191.6,286.0,450.0,350.0,150.0,150.0,200.0,130.0,300.0,600.0,200.0,297.0,260.0,120.0,150.0,0.05046665709860698
2025-03-22,296.6034,191.6,286.0,450.0,350.0,150.0,150.0,200.0,130.0,300.0,600.0,200.0,297.0,260.0,120.0,150.0,0.05046665709860698
2025-03-23,296.6034,191.6,286.0,450.0,350.0,150.0,150.0,200.0,130.0,300.0,600.0,200.0,297.0,260.0,120.0,150.0,0.05046665709860698
2025-03-24,296.5901,191.6,286.0,500.0,700.0,200.0,200.0,300.0,130.0,300.0,500.0,140.0,280.0,260.0,100.0,120.0,0.050437505087939205
2025-03-25,296.7237,191.6,286.0,500.0,650.0,250.0,200.0,300.0,130.0,350.0,450.0,160.0,277.0,260.0,100.0,120.0,0.05073034032291629
2025-03-26,296.6087,191.6,286.0,500.0,600.0,250.0,200.0,300.0,130.0,350.0,450.0,150.0,260.0,260.0,100.0,120.0,0.05047827406526356
2025-03-27,296.4517,191.6,286.0,400.0,600.0,280.0,200.0,300.0,130.0,320.0,500.0,150.0,265.0,260.0,100.0,140.0,0.05013414882655487
2025-03-28,296.3472,191.6,286.0,450.0,550.0,250.0,200.0,300.0,130.0,300.0,500.0,150.0,270.0,260.0,100.0,140.0,0.04990509731416598
2025-03-29,296.3472,191.6,286.0,450.0,550.0,250.0,200.0,300.0,130.0,300.0,500.0,150.0,270.0,260.0,100.0,140.0,0.04990509731416598
2025-03-30,296.3472,191.6,286.0,450.0,550.0,250.0,200.0,300.0,130.0,300.0,500.0,150.0,270.0,260.0,100.0,140.0,0.04990509731416598
2025-03-31,296.3472,191.6,286.0,450.0,550.0,250.0,200.0,300.0,130.0,300.0,500.0,150.0,270.0,260.0,100.0,140.0,0.04990509731416598
2025-04-01,296.3198,191.6,286.0,600.0,500.0,200.0,250.0,500.0,160.0,300.0,400.0,195.0,290.0,260.0,100.0,140.0,0.049845039788429746
2025-04-02,296.1931,191.6,286.0,500.0,500.0,200.0,250.0,500.0,160.0,250.0,500.0,230.0,290.0,260.0,100.0,140.0,0.049567328528911214
2025-04-03,296.0638,191.6,286.0,450.0,400.0,180.0,300.0,500.0,160.0,250.0,650.0,230.0,290.0,260.0,100.0,140.0,0.049283918380089387
2025-04-04,296.8985,191.6,286.0,400.0,450.0,180.0,300.0,500.0,160.0,250.0,650.0,270.0,293.0,260.0,100.0,100.0,0.05111348103454871
2025-04-05,296.8985,191.6,286.0,400.0,450.0,180.0,300.0,500.0,160.0,250.0,650.0,270.0,293.0,260.0,100.0,100.0,0.05111348103454871
2025-04-06,296.8985,191.6,286.0,400.0,450.0,180.0,300.0,500.0,160.0,250.0,650.0,270.0,293.0,260.0,100.0,100.0,0.05111348103454871
2025-04-07,296.7552,191.6,286.0,400.0,350.0,200.0,300.0,500.0,160.0,300.0,650.0,257.0,293.0,260.0,100.0,100.0,0.05079938455870847
2025-04-08,297.5237,191.6,286.0,450.0,350.0,200.0,450.0,500.0,160.0,300.0,650.0,273.0,280.0,260.0,100.0,100.0,0.05248384472398021
2025-04-09,298.6051,191.6,286.0,500.0,350.0,150.0,500.0,500.0,160.0,300.0,500.0,273.0,280.0,260.0,100.0,100.0,0.05485414429811741
2025-04-10,301.2049,191.6,286.0,600.0,300.0,200.0,600.0,500.0,200.0,300.0,500.0,277.0,280.0,260.0,100.0,100.0,0.06055259522547379
2025-04-11,298.8721,191.6,286.0,600.0,400.0,200.0,600.0,500.0,200.0,300.0,600.0,300.0,285.0,260.0,150.0,100.0,0.05543937639197294
2025-04-12,298.8721,191.6,286.0,600.0,400.0,200.0,600.0,500.0,200.0,300.0,600.0,300.0,285.0,260.0,150.0,100.0,0.05543937639197294
2025-04-13,298.8721,191.6,286.0,600.0,400.0,200.0,600.0,500.0,200.0,300.0,600.0,300.0,285.0,260.0,150.0,100.0,0.05543937639197294
2025-04-14,298.8721,191.6,286.0,600.0,400.0,200.0,600.0,500.0,200.0,300.0,600.0,300.0,285.0,260.0,150.0,100.0,0.05543937639197294
2025-04-15,298.8721,191.6,286.0,600.0,400.0,200.0,600.0,500.0,200.0,300.0,600.0,300.0,285.0,260.0,150.0,100.0,0.05543937639197294
2025-04-16,298.138,191.6,286.0,400.0,400.0,200.0,500.0,450.0,180.0,300.0,500.0,300.0,300.0,260.0,100.0,100.0,0.053830316915946586
2025-04-17,298.6186,191.6,286.0,400.0,450.0,200.0,450.0,450.0,180.0,300.0,550.0,300.0,297.0,260.0,100.0,100.0,0.05488373468488583
2025-04-18,298.6186,191.6,286.0,400.0,450.0,200.0,450.0,450.0,180.0,300.0,550.0,300.0,297.0,260.0,100.0,100.0,0.05488373468488583
2025-04-19,298.6186,191.6,286.0,400.0,450.0,200.0,450.0,450.0,180.0,300.0,550.0,300.0,297.0,260.0,100.0,100.0,0.05488373468488583
2025-04-20,298.6186,191.6,286.0,400.0,450.0,200.0,450.0,450.0,180.0,300.0,550.0,300.0,297.0,260.0,100.0,100.0,0.05488373468488583
2025-04-21,299.0786,191.6,286.0,400.0,350.0,200.0,400.0,400.0,160.0,250.0,500.0,275.0,297.0,260.0,100.0,100.0,0.055891999715497465
2025-04-22,299.2328,191.6,286.0,400.0,450.0,250.0,550.0,350.0,180.0,300.0,350.0,265.0,293.0,260.0,100.0,100.0,0.05622998768880222
2025-04-23,299.7194,191.6,286.0,400.0,450.0,250.0,550.0,350.0,180.0,300.0,350.0,265.0,293.0,260.0,100.0,100.0,0.057296556740749405
